X,y,x1,x2,x3,x4,xc,xfac
1,-1.779026921,1,0,0,0,3.413541998,A
2,2.239512641,1,0,0,0,2.813487464,A
3,-0.607789558,1,0,0,0,8.337641716,A
4,-5.57714524,1,0,0,0,-3.621522093,A
5,0.15922033,1,0,0,0,-0.015976757,A
6,-3.574154609,1,0,0,0,0.039766972,A
7,1.455048252,1,0,0,0,1.010315828,A
8,3.011196667,1,0,0,0,1.997900136,A
9,-3.616908185,1,0,0,0,-6.802227909,A
10,-1.605737095,1,0,0,0,-5.041539124,A
11,-3.265377702,1,0,0,0,0.390136087,A
12,-1.795943622,1,0,0,0,3.49999951,A
13,0.828963368,1,0,0,0,-1.845380629,A
14,-3.31238826,1,0,0,0,-1.627485712,A
15,0.63427383,1,0,0,0,3.989867419,A
16,-2.615567472,1,0,0,0,-5.860923937,A
17,-3.894963304,1,0,0,0,0.282024774,A
18,0.794016771,1,0,0,0,-5.214590928,A
19,2.04224386,1,0,0,0,3.01476924,A
20,-2.568661947,1,0,0,0,1.120609961,A
21,2.182164562,1,0,0,0,2.590348547,A
22,0.651881779,1,0,0,0,2.418215503,A
23,0.780089234,1,0,0,0,10.25262361,A
24,-5.39903744,1,0,0,0,-10.25938551,A
25,-6.294630305,1,0,0,0,-6.663838859,A
26,1.977213261,1,0,0,0,4.952088839,A
27,0.411625072,1,0,0,0,4.210836007,A
28,-2.605048123,1,0,0,0,-3.28970284,A
29,0.002863303,1,0,0,0,3.732528574,A
30,2.608589877,1,0,0,0,5.348267294,A
31,-2.673439212,1,0,0,0,-0.296371601,A
32,-0.835437287,1,0,0,0,3.127956176,A
33,-0.956709438,1,0,0,0,2.678772472,A
34,1.327346159,1,0,0,0,2.114377998,A
35,-1.606880277,1,0,0,0,1.186959108,A
36,1.865816097,1,0,0,0,6.822215792,A
37,-5.589893873,1,0,0,0,-12.27217711,A
38,1.583059558,1,0,0,0,-1.848205041,A
39,1.485682191,1,0,0,0,5.013061556,A
40,-1.195994005,1,0,0,0,-1.558492652,A
41,-0.611702321,1,0,0,0,-3.413678552,A
42,0.272305878,1,0,0,0,2.02230745,A
43,-4.656671157,1,0,0,0,-5.93604654,A
44,-1.445176174,1,0,0,0,5.440792443,A
45,1.705018488,1,0,0,0,6.549467499,A
46,-2.970724165,1,0,0,0,-5.649764848,A
47,-1.774046126,1,0,0,0,-0.238272527,A
48,-3.680514341,1,0,0,0,-7.098926472,A
49,3.406537028,1,0,0,0,-2.906859307,A
50,-0.763223027,1,0,0,0,-4.485689961,A
51,-1.086839746,1,0,0,0,-6.721997578,A
52,-1.295640743,1,0,0,0,-9.186336083,A
53,1.886183448,1,0,0,0,6.270600147,A
54,-1.02106597,1,0,0,0,-0.003269311,A
55,1.652805237,1,0,0,0,7.735066422,A
56,-1.154555519,1,0,0,0,2.234983391,A
57,-2.613034846,1,0,0,0,-2.937243727,A
58,-3.816674602,1,0,0,0,-0.776781799,A
59,-2.331986849,1,0,0,0,-5.469523147,A
60,-2.194215069,1,0,0,0,-1.128570175,A
61,-1.453329285,1,0,0,0,1.489573873,A
62,2.324928688,1,0,0,0,2.435110405,A
63,3.467358868,1,0,0,0,6.081898021,A
64,0.961121397,1,0,0,0,1.244655653,A
65,-1.676510281,1,0,0,0,-4.904017197,A
66,2.264513144,1,0,0,0,7.174426618,A
67,1.140186124,1,0,0,0,1.153720124,A
68,1.297674141,1,0,0,0,2.112760362,A
69,-1.02725174,1,0,0,0,2.23595929,A
70,0.539066557,1,0,0,0,5.677154139,A
71,4.159253059,1,0,0,0,2.79812775,A
72,1.200157625,1,0,0,0,-0.989724233,A
73,2.81297396,1,0,0,0,5.152834976,A
74,-3.343317743,1,0,0,0,-3.350346285,A
75,-2.172164195,1,0,0,0,2.398967617,A
76,-1.636156828,1,0,0,0,-1.352853794,A
77,-0.730433329,1,0,0,0,0.252607611,A
78,-1.76132527,1,0,0,0,1.016226539,A
79,-0.124041596,1,0,0,0,-2.819056354,A
80,2.054265583,1,0,0,0,-0.997150443,A
81,3.974729096,1,0,0,0,0.071197751,A
82,-0.173790358,1,0,0,0,0.347797131,A
83,-3.922328159,1,0,0,0,2.232774498,A
84,-3.337855175,1,0,0,0,2.483787263,A
85,0.560022514,1,0,0,0,3.898658136,A
86,-4.053418718,1,0,0,0,-6.404804227,A
87,-0.808990507,1,0,0,0,-3.727112648,A
88,-3.783366797,1,0,0,0,-7.364656572,A
89,-4.247575446,1,0,0,0,-8.179250443,A
90,0.873427217,1,0,0,0,-1.391698606,A
91,0.813373215,1,0,0,0,3.725896866,A
92,0.715774664,1,0,0,0,-2.212462381,A
93,-1.509217501,1,0,0,0,-0.394909921,A
94,4.017123739,1,0,0,0,6.573789006,A
95,-0.447662504,1,0,0,0,0.624383568,A
96,-3.05869795,1,0,0,0,-5.123333383,A
97,-3.918279577,1,0,0,0,0.462109894,A
98,1.72640721,1,0,0,0,1.909113862,A
99,2.052836578,1,0,0,0,3.620271235,A
100,-3.265952383,1,0,0,0,-0.611940671,A
101,-0.893350183,1,0,0,0,1.366117985,A
102,-3.308255599,1,0,0,0,-7.78685918,A
103,4.887268174,1,0,0,0,7.359020112,A
104,-0.492541496,1,0,0,0,2.318955758,A
105,-4.376249362,1,0,0,0,-5.945372147,A
106,-1.281220265,1,0,0,0,4.830118187,A
107,-3.672200039,1,0,0,0,-2.921702957,A
108,-3.746217494,1,0,0,0,-7.05502962,A
109,2.289134246,1,0,0,0,7.589288693,A
110,-7.127798419,1,0,0,0,-15.83825456,A
111,-1.210371548,1,0,0,0,-1.058780051,A
112,-0.487725075,1,0,0,0,0.467645457,A
113,-4.437301641,1,0,0,0,-2.049983226,A
114,-3.585705128,1,0,0,0,-3.453374416,A
115,-0.873999175,1,0,0,0,7.005804881,A
116,-3.869053244,1,0,0,0,-1.478849493,A
117,1.129818265,1,0,0,0,1.780026714,A
118,-2.567565894,1,0,0,0,-5.261850127,A
119,-7.202110281,1,0,0,0,-13.73031646,A
120,2.873583139,1,0,0,0,2.569093499,A
121,-4.956949323,1,0,0,0,-9.994113765,A
122,3.367993554,1,0,0,0,6.984013253,A
123,1.412958126,1,0,0,0,0.123856037,A
124,-3.866112807,1,0,0,0,-3.711409667,A
125,-1.317767363,1,0,0,0,3.163548359,A
126,-0.057229749,1,0,0,0,0.91391411,A
127,-1.004761899,1,0,0,0,3.128586975,A
128,-1.620704559,1,0,0,0,5.745585951,A
129,-4.878444109,1,0,0,0,-3.914113816,A
130,3.543845833,1,0,0,0,4.47355077,A
131,-2.536689762,1,0,0,0,-2.324732948,A
132,-0.896282395,1,0,0,0,1.52831922,A
133,0.14629719,1,0,0,0,0.936903658,A
134,-1.556512649,1,0,0,0,-2.301140011,A
135,2.792801687,1,0,0,0,3.212421892,A
136,-0.476033799,1,0,0,0,2.345169435,A
137,-1.785700311,1,0,0,0,2.398834331,A
138,1.295597276,1,0,0,0,3.180320805,A
139,-1.826344512,1,0,0,0,-3.074369284,A
140,-1.336484096,1,0,0,0,-3.040376994,A
141,-3.038214744,1,0,0,0,-0.296831587,A
142,2.944996312,1,0,0,0,-3.666671058,A
143,0.686942432,1,0,0,0,-1.552144838,A
144,-4.645031692,1,0,0,0,-5.697302295,A
145,-6.474756695,1,0,0,0,-12.15126202,A
146,-0.241786149,1,0,0,0,2.247763512,A
147,-0.038049542,1,0,0,0,0.121847116,A
148,-0.054291302,1,0,0,0,3.833160797,A
149,0.296210405,1,0,0,0,1.397050876,A
150,-1.457837117,1,0,0,0,1.934175489,A
151,-2.822119211,1,0,0,0,-3.10669664,A
152,0.458046935,1,0,0,0,2.459437228,A
153,2.743250557,1,0,0,0,2.283605345,A
154,-0.41284891,1,0,0,0,-4.491240502,A
155,2.081456947,1,0,0,0,2.445456108,A
156,-2.232750288,1,0,0,0,0.955435513,A
157,4.665632976,1,0,0,0,3.687811551,A
158,-0.245921664,1,0,0,0,5.479957699,A
159,-5.549738707,1,0,0,0,-8.670629531,A
160,0.955933176,1,0,0,0,7.063188346,A
161,0.031403686,1,0,0,0,9.279586438,A
162,-3.547473515,1,0,0,0,-1.094419809,A
163,2.860807545,1,0,0,0,10.67602338,A
164,-1.295188425,1,0,0,0,0.779934233,A
165,0.106748675,1,0,0,0,0.122265101,A
166,2.266796887,1,0,0,0,3.347751176,A
167,5.808761127,1,0,0,0,0.381149102,A
168,1.906650956,1,0,0,0,0.885318954,A
169,0.798134831,1,0,0,0,0.979783077,A
170,-0.11108908,1,0,0,0,11.36571186,A
171,-0.971612074,1,0,0,0,0.761821885,A
172,4.164363664,1,0,0,0,8.46443749,A
173,-2.071611946,1,0,0,0,2.436273841,A
174,-0.702117117,1,0,0,0,-1.63780007,A
175,0.521789302,1,0,0,0,-2.467450594,A
176,2.2064566,1,0,0,0,6.944232156,A
177,-3.722322594,1,0,0,0,-4.014249216,A
178,0.403747732,1,0,0,0,-2.220985115,A
179,0.387097457,1,0,0,0,-4.4224297,A
180,-0.152612961,1,0,0,0,-5.946186517,A
181,1.601604494,1,0,0,0,2.382907739,A
182,-3.669128954,1,0,0,0,0.370233664,A
183,-3.748651973,1,0,0,0,-2.053389455,A
184,0.469335567,1,0,0,0,2.991398406,A
185,-3.378541619,1,0,0,0,-4.128882962,A
186,1.15333635,1,0,0,0,-2.959340823,A
187,-1.078935326,1,0,0,0,1.02932354,A
188,1.576973335,1,0,0,0,-0.274267989,A
189,-3.613542028,1,0,0,0,-1.795132139,A
190,-1.5484279,1,0,0,0,-3.164778881,A
191,-0.951794838,1,0,0,0,0.872988067,A
192,-0.809711007,1,0,0,0,-0.355967804,A
193,-6.152515684,1,0,0,0,-9.523983364,A
194,-0.660577331,1,0,0,0,5.715863996,A
195,-3.919419026,1,0,0,0,-7.2964885,A
196,0.996303054,1,0,0,0,9.082618178,A
197,1.295906496,1,0,0,0,-0.870591456,A
198,3.045221566,1,0,0,0,8.433717714,A
199,-0.57138766,1,0,0,0,-1.443377947,A
200,1.213685518,1,0,0,0,0.037217656,A
201,-1.09776471,1,0,0,0,1.26266921,A
202,-2.922737361,1,0,0,0,-2.994420174,A
203,-0.580520167,1,0,0,0,3.843882504,A
204,-2.212072227,1,0,0,0,-1.543490258,A
205,0.507223968,1,0,0,0,7.519182293,A
206,-0.27677831,1,0,0,0,5.122261587,A
207,-1.619420544,1,0,0,0,2.169359452,A
208,-1.087018665,1,0,0,0,5.760581837,A
209,-2.069763447,1,0,0,0,6.178735466,A
210,-1.666835874,1,0,0,0,-5.903028325,A
211,1.102913858,1,0,0,0,2.85407774,A
212,2.591602231,1,0,0,0,3.717981159,A
213,4.110267034,1,0,0,0,5.487880317,A
214,1.358325485,1,0,0,0,5.037523318,A
215,3.833268583,1,0,0,0,7.465133133,A
216,2.636638431,1,0,0,0,6.944823552,A
217,0.291114376,1,0,0,0,7.891224642,A
218,-4.338718991,1,0,0,0,-7.388585684,A
219,-1.423220737,1,0,0,0,4.853359498,A
220,-3.726281803,1,0,0,0,-4.224418633,A
221,-0.052941821,1,0,0,0,6.05682159,A
222,0.711606114,1,0,0,0,4.636214898,A
223,-2.405982299,1,0,0,0,1.781147179,A
224,-6.339724595,1,0,0,0,-2.876925589,A
225,-4.395242104,1,0,0,0,-9.356222031,A
226,2.446281195,1,0,0,0,2.672431406,A
227,-0.781396183,1,0,0,0,-1.27634471,A
228,-0.006527541,1,0,0,0,5.612563092,A
229,-0.281910873,1,0,0,0,-0.410975862,A
230,4.570828835,1,0,0,0,-0.167109632,A
231,2.832488275,1,0,0,0,8.312590378,A
232,3.707389771,1,0,0,0,1.184406,A
233,-3.077691733,1,0,0,0,-0.912703745,A
234,-2.532690946,1,0,0,0,-7.609843556,A
235,0.175627045,1,0,0,0,4.412551752,A
236,-0.04551529,1,0,0,0,4.11357097,A
237,-5.731030144,1,0,0,0,-5.941279057,A
238,1.279846099,1,0,0,0,1.294587285,A
239,2.527908216,1,0,0,0,0.847455192,A
240,-4.165828376,1,0,0,0,0.045495058,A
241,1.206773692,1,0,0,0,1.986028606,A
242,-3.29364989,1,0,0,0,-3.946374721,A
243,1.427378196,1,0,0,0,4.813323957,A
244,-8.289861654,1,0,0,0,-5.982281584,A
245,1.268636674,1,0,0,0,-3.553905365,A
246,-0.866766231,1,0,0,0,-2.91281365,A
247,-0.309738097,1,0,0,0,0.118391208,A
248,-6.146777743,1,0,0,0,-6.948731542,A
249,-2.734154455,1,0,0,0,2.763788887,A
250,2.986470733,1,0,0,0,2.45214668,A
251,2.674514762,0,1,0,0,2.773761679,B
252,-2.922181143,0,1,0,0,-6.228945717,B
253,1.44147884,0,1,0,0,3.735521172,B
254,-4.842442723,0,1,0,0,-3.272823627,B
255,-1.359840315,0,1,0,0,-1.716480136,B
256,0.687456008,0,1,0,0,8.511098231,B
257,-3.484001025,0,1,0,0,-12.67114193,B
258,-3.818511915,0,1,0,0,-2.934679991,B
259,-0.482917921,0,1,0,0,-3.418449252,B
260,-0.134079828,0,1,0,0,-8.258242061,B
261,1.660211026,0,1,0,0,6.023419978,B
262,7.005482735,0,1,0,0,5.877175418,B
263,3.326754161,0,1,0,0,3.333197078,B
264,-0.513810922,0,1,0,0,-8.299432268,B
265,-2.908667272,0,1,0,0,-3.969281944,B
266,-2.600826437,0,1,0,0,-2.020320481,B
267,0.660227928,0,1,0,0,-0.021918873,B
268,1.04670765,0,1,0,0,6.708904492,B
269,0.321768416,0,1,0,0,1.185301762,B
270,1.907816054,0,1,0,0,9.475883013,B
271,1.042941171,0,1,0,0,-1.800773845,B
272,-4.179975034,0,1,0,0,0.070902394,B
273,0.749296298,0,1,0,0,-1.882473393,B
274,-0.099873402,0,1,0,0,3.702193014,B
275,1.27583348,0,1,0,0,4.586102796,B
276,0.347110295,0,1,0,0,4.289785233,B
277,-5.21636997,0,1,0,0,-3.164403671,B
278,-0.6144926,0,1,0,0,-3.041110359,B
279,-0.087590257,0,1,0,0,4.948070957,B
280,-2.740483147,0,1,0,0,1.644409085,B
281,1.971411179,0,1,0,0,3.18867312,B
282,-0.178438444,0,1,0,0,1.995282657,B
283,4.531940655,0,1,0,0,3.712304563,B
284,-0.300640323,0,1,0,0,3.474621099,B
285,1.192662897,0,1,0,0,-2.031675139,B
286,1.344211931,0,1,0,0,4.798102406,B
287,-2.182179201,0,1,0,0,0.616787409,B
288,3.056078064,0,1,0,0,3.292004937,B
289,0.982037792,0,1,0,0,2.012212192,B
290,-1.308098746,0,1,0,0,-6.770169021,B
291,1.565542525,0,1,0,0,4.36351955,B
292,-5.880519357,0,1,0,0,-9.758721348,B
293,-1.017037017,0,1,0,0,-4.053143942,B
294,-0.553741623,0,1,0,0,3.609540195,B
295,-0.473941633,0,1,0,0,-2.622841544,B
296,6.876005338,0,1,0,0,13.99099249,B
297,-0.417386551,0,1,0,0,-5.301241592,B
298,0.600377691,0,1,0,0,-2.959464478,B
299,-2.229729344,0,1,0,0,-1.263732056,B
300,2.988050223,0,1,0,0,0.167483651,B
301,1.300927644,0,1,0,0,7.403925611,B
302,-2.111675265,0,1,0,0,3.351218019,B
303,2.239377707,0,1,0,0,2.757301727,B
304,-1.562159039,0,1,0,0,-2.399206331,B
305,-0.561655946,0,1,0,0,2.608642556,B
306,-3.908239749,0,1,0,0,-1.685185904,B
307,-0.383555909,0,1,0,0,1.742136356,B
308,0.582419649,0,1,0,0,-0.210036388,B
309,-4.09919082,0,1,0,0,-2.848508693,B
310,1.867774533,0,1,0,0,5.829017116,B
311,1.164132725,0,1,0,0,2.561434343,B
312,0.970714335,0,1,0,0,1.117413886,B
313,-5.663736119,0,1,0,0,-7.375374999,B
314,1.719266726,0,1,0,0,-1.520154961,B
315,1.409241123,0,1,0,0,4.955561106,B
316,-1.45460313,0,1,0,0,-2.027601007,B
317,0.912317853,0,1,0,0,9.119449178,B
318,-3.99449639,0,1,0,0,-9.048998005,B
319,-0.966716819,0,1,0,0,-3.940866471,B
320,1.325772618,0,1,0,0,3.768485897,B
321,-1.23577634,0,1,0,0,-3.112644735,B
322,-2.48857962,0,1,0,0,-7.360090631,B
323,-2.268993564,0,1,0,0,-0.766582571,B
324,4.505042281,0,1,0,0,2.935109,B
325,1.240370797,0,1,0,0,0.00438026,B
326,-0.08807712,0,1,0,0,3.906566116,B
327,-0.020863631,0,1,0,0,4.607739972,B
328,1.569466673,0,1,0,0,4.930349754,B
329,7.613073514,0,1,0,0,12.77728895,B
330,2.558270552,0,1,0,0,12.05920788,B
331,4.446861156,0,1,0,0,7.529487043,B
332,4.746206088,0,1,0,0,7.439593458,B
333,-4.352753252,0,1,0,0,-7.922694446,B
334,-1.205802673,0,1,0,0,-2.779320018,B
335,0.158329914,0,1,0,0,3.115767118,B
336,2.557413072,0,1,0,0,1.871101633,B
337,-0.910713941,0,1,0,0,-6.052799566,B
338,1.105979672,0,1,0,0,0.249426301,B
339,-4.300048214,0,1,0,0,-9.172914432,B
340,-3.980472871,0,1,0,0,0.453114092,B
341,3.330559941,0,1,0,0,5.553801449,B
342,3.625025559,0,1,0,0,12.68400827,B
343,-5.508282442,0,1,0,0,-6.956009767,B
344,3.65728162,0,1,0,0,3.6028533,B
345,7.350273306,0,1,0,0,8.655405325,B
346,-0.636019591,0,1,0,0,-1.057005782,B
347,-2.102697212,0,1,0,0,-8.974863044,B
348,2.48914695,0,1,0,0,9.34121001,B
349,3.492964173,0,1,0,0,-0.966031486,B
350,-1.426998198,0,1,0,0,0.034499421,B
351,1.813977458,0,1,0,0,-0.957412642,B
352,0.86210996,0,1,0,0,2.76980309,B
353,-1.161861721,0,1,0,0,-3.694119447,B
354,3.8726384,0,1,0,0,6.373703613,B
355,-2.0378476,0,1,0,0,0.504659891,B
356,2.255671665,0,1,0,0,2.555061987,B
357,-2.245401297,0,1,0,0,-3.449992321,B
358,-1.70890843,0,1,0,0,-2.360829157,B
359,-0.784297513,0,1,0,0,-0.200498999,B
360,0.617652467,0,1,0,0,1.813799225,B
361,-6.175470404,0,1,0,0,-10.43361142,B
362,3.141322412,0,1,0,0,8.512768361,B
363,-1.907226437,0,1,0,0,-5.726910222,B
364,4.155056424,0,1,0,0,6.811087175,B
365,0.031652979,0,1,0,0,-5.246564723,B
366,-1.283362089,0,1,0,0,0.642441085,B
367,5.098297931,0,1,0,0,12.62603111,B
368,2.171327381,0,1,0,0,1.982168091,B
369,2.841556137,0,1,0,0,6.799635575,B
370,-4.362132102,0,1,0,0,-6.50433121,B
371,0.743117772,0,1,0,0,3.442639013,B
372,-0.406902553,0,1,0,0,0.25633339,B
373,-1.793336656,0,1,0,0,-1.044564241,B
374,6.500802975,0,1,0,0,12.49565454,B
375,-0.03700797,0,1,0,0,1.77289653,B
376,0.33611765,0,1,0,0,-7.192384763,B
377,-0.060177483,0,1,0,0,1.727112203,B
378,-2.952511612,0,1,0,0,-2.884449507,B
379,-1.250039697,0,1,0,0,1.631034225,B
380,0.387351135,0,1,0,0,-0.628230743,B
381,-1.244860994,0,1,0,0,-2.139196987,B
382,2.298621659,0,1,0,0,-3.172431386,B
383,-0.297420119,0,1,0,0,0.938390022,B
384,-2.074620618,0,1,0,0,-8.207686383,B
385,-2.315367447,0,1,0,0,-0.527565355,B
386,1.488538526,0,1,0,0,2.415012727,B
387,1.27753224,0,1,0,0,6.800316629,B
388,3.453054979,0,1,0,0,6.671043279,B
389,-0.113748901,0,1,0,0,2.83766725,B
390,1.554831324,0,1,0,0,0.790516376,B
391,0.16872853,0,1,0,0,-1.933944186,B
392,1.419263975,0,1,0,0,4.887700095,B
393,0.42505565,0,1,0,0,-6.438856333,B
394,1.327031605,0,1,0,0,2.099259253,B
395,1.360450885,0,1,0,0,2.826042511,B
396,-1.395949021,0,1,0,0,2.448221258,B
397,3.571934404,0,1,0,0,5.393739278,B
398,0.988267355,0,1,0,0,7.590008497,B
399,0.831184227,0,1,0,0,1.27359487,B
400,1.615741266,0,1,0,0,-1.693365479,B
401,-1.856782264,0,1,0,0,-8.505435792,B
402,-3.539743283,0,1,0,0,-4.227097472,B
403,-1.940212557,0,1,0,0,0.111735222,B
404,-0.607358471,0,1,0,0,-2.309366106,B
405,3.402365857,0,1,0,0,3.478051641,B
406,-2.376013454,0,1,0,0,-3.376173726,B
407,-4.686401858,0,1,0,0,-5.039813017,B
408,-3.468665147,0,1,0,0,-5.952978185,B
409,3.762988792,0,1,0,0,7.799925407,B
410,3.891743553,0,1,0,0,4.332619798,B
411,3.566196242,0,1,0,0,7.685402774,B
412,-1.501738359,0,1,0,0,-3.68045316,B
413,0.271657504,0,1,0,0,1.717524118,B
414,-0.371821169,0,1,0,0,4.905172691,B
415,3.577151125,0,1,0,0,9.691726175,B
416,-9.078572961,0,1,0,0,-14.18726094,B
417,-1.470602497,0,1,0,0,-0.517230786,B
418,3.963458271,0,1,0,0,4.281596053,B
419,0.197992754,0,1,0,0,0.450801272,B
420,-0.957878331,0,1,0,0,-7.634502096,B
421,-3.13634479,0,1,0,0,-3.922380589,B
422,0.259394224,0,1,0,0,-2.712779766,B
423,9.211336436,0,1,0,0,10.97058853,B
424,2.373436549,0,1,0,0,5.990323822,B
425,-4.655703598,0,1,0,0,-8.319614177,B
426,0.569050247,0,1,0,0,7.381953001,B
427,-1.810623226,0,1,0,0,-8.509283848,B
428,-7.516469214,0,1,0,0,-15.36372639,B
429,-4.772483201,0,1,0,0,-2.732919076,B
430,-8.963510599,0,1,0,0,-9.290217202,B
431,-3.015650385,0,1,0,0,-5.201289788,B
432,4.438914619,0,1,0,0,8.261326635,B
433,0.627849135,0,1,0,0,9.575071453,B
434,-2.458540386,0,1,0,0,-5.281797477,B
435,-1.78890225,0,1,0,0,0.336959649,B
436,0.395587087,0,1,0,0,-0.421863993,B
437,3.106888557,0,1,0,0,7.632291471,B
438,3.724024331,0,1,0,0,6.598984244,B
439,-2.724642403,0,1,0,0,-6.773098992,B
440,-1.683886508,0,1,0,0,1.519572783,B
441,-0.082237819,0,1,0,0,5.211884504,B
442,5.864573296,0,1,0,0,9.02678375,B
443,-1.599988058,0,1,0,0,-7.704208956,B
444,-1.675845515,0,1,0,0,-0.996138108,B
445,0.176700396,0,1,0,0,-1.811108077,B
446,1.759199097,0,1,0,0,4.125057623,B
447,4.831679478,0,1,0,0,3.183446431,B
448,4.367770929,0,1,0,0,6.852776336,B
449,-4.767004727,0,1,0,0,-5.031248805,B
450,5.52940738,0,1,0,0,10.03762725,B
451,3.339717351,0,1,0,0,5.330647722,B
452,-0.758452009,0,1,0,0,3.062043707,B
453,3.725632579,0,1,0,0,11.772464,B
454,2.766463762,0,1,0,0,6.384354195,B
455,3.001971129,0,1,0,0,5.962123689,B
456,0.010058989,0,1,0,0,2.028545986,B
457,1.284396957,0,1,0,0,4.502704309,B
458,-2.96194524,0,1,0,0,-9.389863513,B
459,2.493357346,0,1,0,0,4.348467126,B
460,-4.84250486,0,1,0,0,-6.161172852,B
461,-0.786185461,0,1,0,0,-3.603341259,B
462,-2.519462625,0,1,0,0,-10.49565715,B
463,1.240323972,0,1,0,0,7.546383677,B
464,2.899398364,0,1,0,0,1.564061063,B
465,-3.390793157,0,1,0,0,-2.767542929,B
466,1.500815385,0,1,0,0,1.458099304,B
467,-0.325238052,0,1,0,0,1.635732675,B
468,-1.461342633,0,1,0,0,6.030155681,B
469,-2.540794306,0,1,0,0,-13.39162272,B
470,-2.095069469,0,1,0,0,-2.231195209,B
471,-0.684066168,0,1,0,0,-1.258251176,B
472,3.846444225,0,1,0,0,2.156024103,B
473,0.429942061,0,1,0,0,5.577253747,B
474,-2.37386037,0,1,0,0,-3.839883832,B
475,-3.407676813,0,1,0,0,1.042141881,B
476,2.398499979,0,1,0,0,2.758553639,B
477,1.872542137,0,1,0,0,3.606757639,B
478,-0.190350032,0,1,0,0,-7.368634763,B
479,-1.961676873,0,1,0,0,-1.933880693,B
480,0.817362882,0,1,0,0,2.84101726,B
481,1.314883184,0,1,0,0,5.482940337,B
482,2.198797319,0,1,0,0,5.572808876,B
483,0.761884261,0,1,0,0,-6.608573226,B
484,-1.086967105,0,1,0,0,4.565451533,B
485,-3.365459591,0,1,0,0,-7.888961312,B
486,-0.721724608,0,1,0,0,3.934703057,B
487,-1.732904054,0,1,0,0,-2.199712226,B
488,4.154993894,0,1,0,0,0.418157241,B
489,3.757282814,0,1,0,0,8.220016622,B
490,1.309994512,0,1,0,0,-3.152627147,B
491,1.408899269,0,1,0,0,-0.117224267,B
492,0.185992154,0,1,0,0,-5.125202198,B
493,4.604585753,0,1,0,0,8.042981888,B
494,1.139141959,0,1,0,0,2.002815014,B
495,1.476780489,0,1,0,0,-1.567463533,B
496,-7.675612283,0,1,0,0,-13.11414925,B
497,-3.18610118,0,1,0,0,0.076211598,B
498,-2.708339331,0,1,0,0,-6.730062378,B
499,-1.699708265,0,1,0,0,0.228267048,B
500,0.559959267,0,1,0,0,-0.767436939,B
501,-2.107072303,0,0,1,0,-8.74025576,C
502,3.428257959,0,0,1,0,7.192119257,C
503,3.417083154,0,0,1,0,8.457807912,C
504,3.441635099,0,0,1,0,5.050714202,C
505,-0.852683194,0,0,1,0,0.98672713,C
506,2.76695823,0,0,1,0,4.075648571,C
507,1.869576535,0,0,1,0,-0.882857334,C
508,3.389046065,0,0,1,0,0.441516801,C
509,1.776093463,0,0,1,0,2.647009438,C
510,-0.33866326,0,0,1,0,4.419637036,C
511,-0.403470251,0,0,1,0,-4.121393513,C
512,0.706684642,0,0,1,0,-3.347247353,C
513,2.295488046,0,0,1,0,4.251553223,C
514,0.150930208,0,0,1,0,0.577439337,C
515,5.314506174,0,0,1,0,10.88344763,C
516,-0.570605619,0,0,1,0,2.515908637,C
517,-0.177792321,0,0,1,0,0.155635023,C
518,2.108270925,0,0,1,0,3.773515862,C
519,4.871545925,0,0,1,0,5.891636488,C
520,2.396144261,0,0,1,0,7.437319097,C
521,-1.603088689,0,0,1,0,-4.740637974,C
522,2.917925256,0,0,1,0,5.197081417,C
523,5.150791688,0,0,1,0,2.358454186,C
524,2.514006727,0,0,1,0,-0.349538977,C
525,0.920674612,0,0,1,0,-5.176146999,C
526,-0.470913967,0,0,1,0,2.090874918,C
527,2.847331296,0,0,1,0,0.031204153,C
528,-2.6519556,0,0,1,0,-7.022164332,C
529,-3.329115323,0,0,1,0,0.971010571,C
530,0.525721633,0,0,1,0,1.079826465,C
531,-1.114215074,0,0,1,0,1.678938488,C
532,-1.502028489,0,0,1,0,-4.160253526,C
533,-2.919284301,0,0,1,0,-4.109454756,C
534,5.670270577,0,0,1,0,4.995643646,C
535,1.937494568,0,0,1,0,7.235663437,C
536,-0.070860372,0,0,1,0,-1.858134151,C
537,-2.899777836,0,0,1,0,-7.949300897,C
538,-1.371720697,0,0,1,0,1.541276187,C
539,5.252725491,0,0,1,0,-2.008141885,C
540,1.621721533,0,0,1,0,2.086164401,C
541,0.714898868,0,0,1,0,-2.139215713,C
542,-0.355475541,0,0,1,0,5.66966539,C
543,-0.695701867,0,0,1,0,0.795350789,C
544,-4.700904441,0,0,1,0,-6.492796874,C
545,5.917106772,0,0,1,0,10.78359161,C
546,1.5505082,0,0,1,0,-0.480814122,C
547,1.220567592,0,0,1,0,-1.843141054,C
548,-2.349420852,0,0,1,0,-8.139509146,C
549,-4.42822023,0,0,1,0,-15.75769942,C
550,0.76928923,0,0,1,0,2.058503139,C
551,-4.410216084,0,0,1,0,-8.427733659,C
552,-0.437160763,0,0,1,0,-4.832946485,C
553,1.782364018,0,0,1,0,3.226959702,C
554,-0.693120364,0,0,1,0,2.208723442,C
555,0.233268855,0,0,1,0,-1.91101527,C
556,0.821449058,0,0,1,0,-1.195204362,C
557,-0.385273291,0,0,1,0,1.964662296,C
558,3.623405843,0,0,1,0,3.708209887,C
559,-4.882034378,0,0,1,0,-7.689628478,C
560,-4.691887541,0,0,1,0,-7.050668372,C
561,-3.766834299,0,0,1,0,-1.834912778,C
562,5.798022912,0,0,1,0,16.02789075,C
563,3.918177272,0,0,1,0,2.019122143,C
564,-1.992967389,0,0,1,0,0.703989935,C
565,-0.424926907,0,0,1,0,-0.277706482,C
566,-0.619091093,0,0,1,0,0.443663205,C
567,-3.501862901,0,0,1,0,-6.974998687,C
568,-2.479296236,0,0,1,0,-8.401035914,C
569,-1.024572416,0,0,1,0,-5.209444037,C
570,5.013929772,0,0,1,0,6.257252359,C
571,-0.86626871,0,0,1,0,-0.945528996,C
572,-1.272607333,0,0,1,0,0.771429587,C
573,2.242739114,0,0,1,0,-0.663773113,C
574,0.350972612,0,0,1,0,-4.248780459,C
575,-4.219580768,0,0,1,0,-6.981195219,C
576,1.833759497,0,0,1,0,-2.644570003,C
577,-3.621917759,0,0,1,0,-5.643811868,C
578,-1.572429991,0,0,1,0,3.684170514,C
579,0.611622328,0,0,1,0,-0.509174658,C
580,1.290165975,0,0,1,0,-3.138024828,C
581,3.399071834,0,0,1,0,1.17338939,C
582,2.19966277,0,0,1,0,3.772429603,C
583,-0.036828128,0,0,1,0,-4.469873102,C
584,3.136269645,0,0,1,0,5.35883228,C
585,1.014641178,0,0,1,0,3.285687562,C
586,-2.70326185,0,0,1,0,-4.796610807,C
587,1.361033092,0,0,1,0,-1.564371796,C
588,-1.30053495,0,0,1,0,4.051793569,C
589,1.050480102,0,0,1,0,-2.269522839,C
590,5.238658765,0,0,1,0,5.746596769,C
591,0.226163198,0,0,1,0,2.143009807,C
592,0.984538609,0,0,1,0,8.588507521,C
593,2.814790892,0,0,1,0,1.941051942,C
594,1.401104224,0,0,1,0,6.763545224,C
595,0.345771383,0,0,1,0,-3.878980483,C
596,-5.170317136,0,0,1,0,-9.020841776,C
597,-0.878465408,0,0,1,0,-8.095467901,C
598,1.659025336,0,0,1,0,-3.10695877,C
599,0.424583227,0,0,1,0,2.610208389,C
600,1.442949953,0,0,1,0,-8.932757333,C
601,4.155220371,0,0,1,0,8.458578886,C
602,5.534753969,0,0,1,0,10.13932634,C
603,-1.619532756,0,0,1,0,-3.486607853,C
604,0.364044189,0,0,1,0,1.032760771,C
605,-1.840608146,0,0,1,0,-0.845592694,C
606,1.05020028,0,0,1,0,2.969583699,C
607,0.585433279,0,0,1,0,3.56890509,C
608,4.112817154,0,0,1,0,4.518246735,C
609,-0.853300578,0,0,1,0,0.080757498,C
610,3.395605119,0,0,1,0,4.453916062,C
611,1.279757412,0,0,1,0,-4.338528483,C
612,0.971054304,0,0,1,0,-1.055657112,C
613,-0.122982953,0,0,1,0,2.119149052,C
614,1.466488204,0,0,1,0,4.680017076,C
615,-2.448135062,0,0,1,0,2.716930064,C
616,0.250503718,0,0,1,0,6.266670589,C
617,3.338350689,0,0,1,0,1.885797924,C
618,-3.986408452,0,0,1,0,-11.22405802,C
619,7.19768813,0,0,1,0,8.453500428,C
620,-0.441942747,0,0,1,0,-1.679165079,C
621,0.634129834,0,0,1,0,-0.31864692,C
622,1.743850082,0,0,1,0,0.747217333,C
623,4.918695043,0,0,1,0,4.779094658,C
624,-1.62162227,0,0,1,0,-1.717640652,C
625,0.831694577,0,0,1,0,-0.640706201,C
626,0.813769892,0,0,1,0,1.938346661,C
627,3.320565121,0,0,1,0,4.005100356,C
628,2.30269056,0,0,1,0,6.630528548,C
629,0.28569928,0,0,1,0,0.481145481,C
630,0.729276455,0,0,1,0,-1.451845098,C
631,-4.408664024,0,0,1,0,0.862251345,C
632,0.35970934,0,0,1,0,4.637096902,C
633,2.424958643,0,0,1,0,5.147513806,C
634,1.066011166,0,0,1,0,3.224718443,C
635,-4.053118716,0,0,1,0,-5.594444045,C
636,2.228040284,0,0,1,0,0.561425841,C
637,-4.539197201,0,0,1,0,-6.519193613,C
638,0.892893954,0,0,1,0,-1.460220738,C
639,1.514565068,0,0,1,0,-8.702275365,C
640,4.469606756,0,0,1,0,5.285331685,C
641,-3.056947218,0,0,1,0,-5.724918919,C
642,-2.221536488,0,0,1,0,-5.714633603,C
643,-2.46628013,0,0,1,0,-11.43402341,C
644,-1.495000498,0,0,1,0,-3.842032087,C
645,0.104113914,0,0,1,0,3.415361242,C
646,2.40200245,0,0,1,0,3.853933949,C
647,-0.225423879,0,0,1,0,-4.964546355,C
648,-4.677947371,0,0,1,0,-3.055461521,C
649,-3.584513399,0,0,1,0,-6.967177994,C
650,-0.818331945,0,0,1,0,-9.786187468,C
651,-3.41143982,0,0,1,0,-3.050181025,C
652,0.416002321,0,0,1,0,-2.905820896,C
653,0.74640107,0,0,1,0,-1.063519041,C
654,-3.408182556,0,0,1,0,-1.747751282,C
655,-4.30018592,0,0,1,0,-3.066822521,C
656,-1.000513057,0,0,1,0,-0.547270067,C
657,-1.792208922,0,0,1,0,4.778585867,C
658,3.220939142,0,0,1,0,1.796996513,C
659,-1.094328484,0,0,1,0,-1.964019735,C
660,-4.70933417,0,0,1,0,-3.096866776,C
661,3.316037289,0,0,1,0,4.058575681,C
662,-3.066889441,0,0,1,0,-4.622588376,C
663,1.478088834,0,0,1,0,6.385579221,C
664,4.436454334,0,0,1,0,5.666148014,C
665,-0.003692516,0,0,1,0,-0.413333419,C
666,-0.488860506,0,0,1,0,-2.87927775,C
667,1.019591031,0,0,1,0,-0.679047265,C
668,0.921744598,0,0,1,0,-1.929803068,C
669,1.139550923,0,0,1,0,5.355571569,C
670,1.164856374,0,0,1,0,-2.090769793,C
671,0.446590191,0,0,1,0,-3.707790105,C
672,3.60993556,0,0,1,0,10.33952214,C
673,4.080611838,0,0,1,0,6.634545707,C
674,-0.369853259,0,0,1,0,-0.472085587,C
675,2.557877092,0,0,1,0,6.572353188,C
676,2.137669031,0,0,1,0,-0.195096547,C
677,0.856206631,0,0,1,0,-7.259516719,C
678,0.327743011,0,0,1,0,2.918896904,C
679,0.648057503,0,0,1,0,-2.558407816,C
680,-4.4419746,0,0,1,0,-7.06159051,C
681,7.56478087,0,0,1,0,12.84456094,C
682,2.015411065,0,0,1,0,6.376384572,C
683,3.33684105,0,0,1,0,9.981693383,C
684,2.765648755,0,0,1,0,2.541137155,C
685,-2.753364275,0,0,1,0,0.456555974,C
686,-1.957194656,0,0,1,0,-0.276869991,C
687,1.386102811,0,0,1,0,3.925664659,C
688,0.228092421,0,0,1,0,-1.552284555,C
689,2.411950829,0,0,1,0,3.912707354,C
690,0.558798809,0,0,1,0,1.155795001,C
691,-5.08238446,0,0,1,0,-6.857924667,C
692,-2.289059324,0,0,1,0,-1.643626335,C
693,0.022983133,0,0,1,0,-2.075116241,C
694,2.262154316,0,0,1,0,-0.05687097,C
695,0.383753854,0,0,1,0,-1.299242838,C
696,0.790370148,0,0,1,0,5.425200045,C
697,-1.998838256,0,0,1,0,-0.055987143,C
698,0.674080784,0,0,1,0,-1.892985132,C
699,1.801212595,0,0,1,0,4.18806105,C
700,-1.447919527,0,0,1,0,-2.320106488,C
701,-2.925716895,0,0,1,0,-5.006117267,C
702,-0.058735263,0,0,1,0,-1.197263843,C
703,2.66117031,0,0,1,0,0.3249811,C
704,-2.190876631,0,0,1,0,-8.213985171,C
705,-5.602366087,0,0,1,0,-9.278939868,C
706,2.735060855,0,0,1,0,2.498012257,C
707,1.567306598,0,0,1,0,0.879335138,C
708,-0.961055785,0,0,1,0,0.631200063,C
709,1.86012205,0,0,1,0,0.722764153,C
710,1.169995403,0,0,1,0,-7.511962967,C
711,0.690219993,0,0,1,0,0.24167713,C
712,-0.686471039,0,0,1,0,-3.05749558,C
713,0.102312604,0,0,1,0,-5.766396064,C
714,0.240397055,0,0,1,0,-7.40435855,C
715,7.167305306,0,0,1,0,8.982807606,C
716,2.527798036,0,0,1,0,-0.689426028,C
717,1.453305042,0,0,1,0,2.567135427,C
718,0.212526168,0,0,1,0,0.172900328,C
719,0.973742942,0,0,1,0,2.097695245,C
720,3.300938798,0,0,1,0,7.811844632,C
721,-1.224744132,0,0,1,0,4.344994174,C
722,0.417688534,0,0,1,0,6.220432983,C
723,1.085613141,0,0,1,0,-0.71716896,C
724,-1.051843611,0,0,1,0,-2.270627327,C
725,2.70420234,0,0,1,0,3.589395044,C
726,0.133741658,0,0,1,0,3.290184328,C
727,-1.659589382,0,0,1,0,-5.698354262,C
728,0.41702769,0,0,1,0,-3.861881032,C
729,-1.370360526,0,0,1,0,-4.938560379,C
730,0.205772235,0,0,1,0,2.209761213,C
731,3.290695239,0,0,1,0,4.462919399,C
732,5.892567048,0,0,1,0,5.918596883,C
733,1.924643176,0,0,1,0,-0.352474944,C
734,1.556365299,0,0,1,0,-2.352691908,C
735,6.501684841,0,0,1,0,2.834537319,C
736,-2.675098182,0,0,1,0,-5.542140082,C
737,-5.543222542,0,0,1,0,-11.54608928,C
738,0.532825681,0,0,1,0,-0.125263262,C
739,-1.840039626,0,0,1,0,-6.241232608,C
740,-2.055786821,0,0,1,0,-2.745876053,C
741,0.454883902,0,0,1,0,3.680582749,C
742,1.121128455,0,0,1,0,-2.890180672,C
743,-5.134386526,0,0,1,0,-5.22651536,C
744,1.839789108,0,0,1,0,-0.704155745,C
745,2.453938396,0,0,1,0,2.626501695,C
746,2.925469884,0,0,1,0,4.213962256,C
747,2.317230093,0,0,1,0,-3.644241295,C
748,-5.097359935,0,0,1,0,-12.69166237,C
749,0.368074742,0,0,1,0,-2.100495934,C
750,-0.801012505,0,0,1,0,-1.18630917,C
751,2.03427245,0,0,0,1,5.307548918,D
752,0.753520587,0,0,0,1,-3.232301345,D
753,-1.598396617,0,0,0,1,-4.096697686,D
754,0.681192254,0,0,0,1,-1.774787193,D
755,-1.979856673,0,0,0,1,-3.801916807,D
756,2.756159795,0,0,0,1,-1.455133797,D
757,-0.53759259,0,0,0,1,-2.057505841,D
758,1.967181012,0,0,0,1,-1.981820578,D
759,-0.754379816,0,0,0,1,-3.439080251,D
760,0.15660211,0,0,0,1,-0.632676432,D
761,2.286335025,0,0,0,1,6.07493747,D
762,1.0894199,0,0,0,1,6.495929057,D
763,0.546796888,0,0,0,1,-2.686472068,D
764,1.889111777,0,0,0,1,1.295409418,D
765,1.245684375,0,0,0,1,-0.546852534,D
766,-1.365073586,0,0,0,1,-4.939332943,D
767,3.369752217,0,0,0,1,3.507048086,D
768,3.302318527,0,0,0,1,2.448134208,D
769,1.623467029,0,0,0,1,-4.620533543,D
770,-0.458228456,0,0,0,1,-7.885891215,D
771,3.998434038,0,0,0,1,7.738192149,D
772,2.434577434,0,0,0,1,4.402416157,D
773,4.208940668,0,0,0,1,7.546310327,D
774,0.763950293,0,0,0,1,-2.458483559,D
775,2.275339217,0,0,0,1,-2.862214252,D
776,5.297330142,0,0,0,1,4.744593407,D
777,0.748753213,0,0,0,1,0.644191545,D
778,5.991359602,0,0,0,1,5.306355425,D
779,3.335532065,0,0,0,1,-2.945400609,D
780,-0.316034114,0,0,0,1,-2.570170712,D
781,3.864848402,0,0,0,1,-3.531284846,D
782,-2.371513509,0,0,0,1,-6.404289542,D
783,1.452937466,0,0,0,1,2.303862725,D
784,-0.243225635,0,0,0,1,-3.41298971,D
785,-4.022612379,0,0,0,1,-15.31968241,D
786,1.117100135,0,0,0,1,-0.88779203,D
787,4.43897211,0,0,0,1,7.971632491,D
788,2.693542957,0,0,0,1,4.210942189,D
789,2.866960715,0,0,0,1,2.608898038,D
790,0.013436768,0,0,0,1,-3.502378669,D
791,-0.438909024,0,0,0,1,-10.25032035,D
792,0.150809131,0,0,0,1,0.307953467,D
793,-1.92931242,0,0,0,1,-0.610540767,D
794,1.108036985,0,0,0,1,-0.034775634,D
795,0.423773937,0,0,0,1,3.570147081,D
796,-4.126773782,0,0,0,1,-6.736727506,D
797,4.592426272,0,0,0,1,0.370110749,D
798,2.124841121,0,0,0,1,-2.132869454,D
799,-2.012987172,0,0,0,1,-4.72113742,D
800,1.075724713,0,0,0,1,0.743201906,D
801,3.889733726,0,0,0,1,7.213886615,D
802,2.0330538,0,0,0,1,-5.274460067,D
803,-1.868856959,0,0,0,1,-0.749570679,D
804,-0.402768848,0,0,0,1,0.891034097,D
805,3.187931748,0,0,0,1,-1.301442407,D
806,-3.803769393,0,0,0,1,-11.52452373,D
807,1.564844786,0,0,0,1,-0.514605282,D
808,-0.819435941,0,0,0,1,-4.350822493,D
809,-0.726417303,0,0,0,1,-4.240468899,D
810,7.204895651,0,0,0,1,15.72129081,D
811,1.07992397,0,0,0,1,-3.100169223,D
812,1.565818475,0,0,0,1,6.889018899,D
813,-0.804769839,0,0,0,1,-0.804342273,D
814,2.483581503,0,0,0,1,0.123917299,D
815,-1.8652531,0,0,0,1,-1.846665746,D
816,6.350871124,0,0,0,1,14.00331848,D
817,2.158595114,0,0,0,1,2.859775619,D
818,2.252725874,0,0,0,1,3.414221175,D
819,-3.474516176,0,0,0,1,-0.896414543,D
820,-4.29107509,0,0,0,1,-1.312467829,D
821,-6.225175496,0,0,0,1,-10.67003777,D
822,0.448727084,0,0,0,1,9.753659958,D
823,0.003171491,0,0,0,1,-3.016946406,D
824,-3.108254433,0,0,0,1,-5.169671507,D
825,1.037122417,0,0,0,1,5.471732905,D
826,-3.177679807,0,0,0,1,-4.285954449,D
827,-0.718537934,0,0,0,1,-2.491428182,D
828,3.8843536,0,0,0,1,-0.878703945,D
829,-2.216753804,0,0,0,1,-8.304870946,D
830,0.982494755,0,0,0,1,-7.274015408,D
831,2.713896642,0,0,0,1,-0.216377754,D
832,-1.917140542,0,0,0,1,-3.648348971,D
833,0.765512118,0,0,0,1,2.638221168,D
834,-4.127286842,0,0,0,1,0.37780011,D
835,2.27851371,0,0,0,1,9.157541329,D
836,-0.48293319,0,0,0,1,-5.494683946,D
837,-3.125323813,0,0,0,1,2.824857513,D
838,-4.875341454,0,0,0,1,-4.747729226,D
839,-2.191194634,0,0,0,1,0.436268941,D
840,-1.170741947,0,0,0,1,-4.344616159,D
841,-2.908745041,0,0,0,1,-5.946004628,D
842,1.41741168,0,0,0,1,-1.1123702,D
843,1.69029021,0,0,0,1,-0.020122062,D
844,1.931544427,0,0,0,1,3.761524149,D
845,3.965883515,0,0,0,1,4.184541703,D
846,-3.669535275,0,0,0,1,-9.890070687,D
847,4.419352854,0,0,0,1,9.190238344,D
848,0.303146243,0,0,0,1,0.111752339,D
849,-0.411114211,0,0,0,1,-8.683567369,D
850,2.107977512,0,0,0,1,0.869465588,D
851,-2.845935303,0,0,0,1,-9.932661324,D
852,0.27192462,0,0,0,1,-1.175463246,D
853,5.001990224,0,0,0,1,2.937353143,D
854,1.584664429,0,0,0,1,-3.931943515,D
855,-5.742271865,0,0,0,1,-9.917803011,D
856,2.397778653,0,0,0,1,2.905487694,D
857,-0.304535793,0,0,0,1,3.233184985,D
858,1.611056396,0,0,0,1,-5.653499931,D
859,2.86875261,0,0,0,1,1.435816585,D
860,3.727557418,0,0,0,1,4.591928683,D
861,-1.074584469,0,0,0,1,-1.368076264,D
862,-2.129460793,0,0,0,1,-9.268102482,D
863,2.005339839,0,0,0,1,1.965345429,D
864,4.516637713,0,0,0,1,1.664153204,D
865,0.329907351,0,0,0,1,-2.788373668,D
866,-1.462055053,0,0,0,1,-0.925418742,D
867,2.634439536,0,0,0,1,-0.155466321,D
868,1.847748991,0,0,0,1,-1.363928738,D
869,2.189092052,0,0,0,1,1.010882311,D
870,-3.919152359,0,0,0,1,-4.355898122,D
871,2.265702422,0,0,0,1,4.640291452,D
872,0.966080418,0,0,0,1,2.423199999,D
873,-1.530236009,0,0,0,1,-2.572182922,D
874,4.97689486,0,0,0,1,4.7153198,D
875,-0.67531852,0,0,0,1,-5.610512732,D
876,4.664886953,0,0,0,1,-5.596604551,D
877,0.280291529,0,0,0,1,0.448678205,D
878,-2.276196561,0,0,0,1,-4.249648002,D
879,0.265477552,0,0,0,1,0.555768623,D
880,1.618960904,0,0,0,1,-0.361529719,D
881,2.211822007,0,0,0,1,4.879160324,D
882,1.217314556,0,0,0,1,0.067562843,D
883,0.202520241,0,0,0,1,-3.126654853,D
884,-1.601140379,0,0,0,1,-6.114627813,D
885,3.109992943,0,0,0,1,5.454090691,D
886,-2.743417916,0,0,0,1,1.578672546,D
887,3.856461052,0,0,0,1,-0.443437622,D
888,-0.241783867,0,0,0,1,-2.625461432,D
889,-0.13559384,0,0,0,1,-3.346590661,D
890,6.366345068,0,0,0,1,1.717029088,D
891,-0.537787759,0,0,0,1,-8.944418617,D
892,2.1681875,0,0,0,1,6.682949099,D
893,0.929366229,0,0,0,1,-5.07980266,D
894,-0.873778676,0,0,0,1,-4.057022227,D
895,-2.145762433,0,0,0,1,0.726828077,D
896,3.156831403,0,0,0,1,0.553960226,D
897,-3.157734544,0,0,0,1,-1.191085761,D
898,-4.502428304,0,0,0,1,-0.725492588,D
899,6.836438115,0,0,0,1,9.111501787,D
900,-0.120527272,0,0,0,1,-6.541795594,D
901,-1.737820756,0,0,0,1,-2.602047821,D
902,4.343805099,0,0,0,1,6.004171021,D
903,0.705107256,0,0,0,1,-0.428600439,D
904,1.547351922,0,0,0,1,-1.275165982,D
905,1.781729793,0,0,0,1,6.746856626,D
906,-0.955715538,0,0,0,1,-5.846118954,D
907,2.62567419,0,0,0,1,-0.176202148,D
908,1.908758247,0,0,0,1,0.818582263,D
909,3.003381563,0,0,0,1,4.934843854,D
910,1.024737166,0,0,0,1,1.237380522,D
911,0.777329971,0,0,0,1,-0.274868559,D
912,0.288465987,0,0,0,1,-1.409229461,D
913,5.196116686,0,0,0,1,6.026589494,D
914,0.567617812,0,0,0,1,1.779920126,D
915,0.775119056,0,0,0,1,-3.787024993,D
916,-5.19729427,0,0,0,1,-10.77384587,D
917,-0.819631082,0,0,0,1,-5.747830453,D
918,4.567365899,0,0,0,1,-3.047059094,D
919,4.792701639,0,0,0,1,3.53125256,D
920,-0.125217383,0,0,0,1,-2.343954169,D
921,2.384144725,0,0,0,1,-2.340310904,D
922,1.137252373,0,0,0,1,3.449418266,D
923,-1.888279199,0,0,0,1,-8.088308989,D
924,0.36585783,0,0,0,1,0.01080951,D
925,5.932545304,0,0,0,1,-0.028196847,D
926,-3.607679772,0,0,0,1,-13.48882155,D
927,-3.660153593,0,0,0,1,-4.860375754,D
928,3.388503578,0,0,0,1,2.181671284,D
929,2.567157164,0,0,0,1,1.854552067,D
930,1.470559454,0,0,0,1,0.479658327,D
931,0.653723629,0,0,0,1,-3.959942136,D
932,-1.369149049,0,0,0,1,0.700949309,D
933,-1.342529354,0,0,0,1,-8.387214751,D
934,0.055711762,0,0,0,1,0.344064503,D
935,-7.50110039,0,0,0,1,-13.7559448,D
936,-0.483517832,0,0,0,1,-4.971540981,D
937,-1.68780457,0,0,0,1,-10.28734856,D
938,4.567563823,0,0,0,1,0.635200326,D
939,-0.636165458,0,0,0,1,0.459725792,D
940,-0.552954121,0,0,0,1,-3.603803539,D
941,-4.25831653,0,0,0,1,-5.26264946,D
942,2.066050149,0,0,0,1,2.035336944,D
943,-2.517706136,0,0,0,1,-4.146350488,D
944,0.756305839,0,0,0,1,-4.240914707,D
945,3.38455826,0,0,0,1,6.062829998,D
946,-0.324985636,0,0,0,1,-4.204675738,D
947,3.550971613,0,0,0,1,3.630970976,D
948,0.140577182,0,0,0,1,-1.808753193,D
949,4.347760699,0,0,0,1,-2.117676864,D
950,-1.363558026,0,0,0,1,0.309232678,D
951,-3.839918714,0,0,0,1,-0.086728469,D
952,-6.731727265,0,0,0,1,-16.18334716,D
953,-2.27736866,0,0,0,1,-6.705453079,D
954,5.907195441,0,0,0,1,13.50630148,D
955,4.815237734,0,0,0,1,7.565994464,D
956,3.600881864,0,0,0,1,1.091326123,D
957,-0.40169986,0,0,0,1,-6.352454144,D
958,0.837329529,0,0,0,1,4.64074667,D
959,-1.372274932,0,0,0,1,-3.639955179,D
960,4.510117912,0,0,0,1,6.699627107,D
961,0.100396071,0,0,0,1,1.651513934,D
962,1.564925753,0,0,0,1,-0.615201173,D
963,-1.375191301,0,0,0,1,-1.919747124,D
964,3.507272549,0,0,0,1,0.128618378,D
965,0.969455775,0,0,0,1,2.241159404,D
966,0.125477774,0,0,0,1,-0.096739821,D
967,-1.972459481,0,0,0,1,-4.150575148,D
968,-3.33761559,0,0,0,1,1.205191624,D
969,-2.775143417,0,0,0,1,-7.232815969,D
970,-1.488106288,0,0,0,1,0.091267982,D
971,4.217675642,0,0,0,1,0.299225932,D
972,9.298292865,0,0,0,1,11.87448537,D
973,0.909503868,0,0,0,1,-3.177462544,D
974,0.845249182,0,0,0,1,-4.288630955,D
975,8.209289955,0,0,0,1,6.362653789,D
976,-0.45891304,0,0,0,1,0.772131122,D
977,1.754763755,0,0,0,1,-3.492180887,D
978,2.667875744,0,0,0,1,2.365592711,D
979,-1.888607752,0,0,0,1,-3.028723423,D
980,-0.631853468,0,0,0,1,-4.95557615,D
981,0.26800153,0,0,0,1,0.396006928,D
982,1.978291589,0,0,0,1,1.98271313,D
983,-4.491337674,0,0,0,1,-8.51949342,D
984,-1.589287984,0,0,0,1,1.155546856,D
985,2.2831639,0,0,0,1,-0.282843018,D
986,-1.19033278,0,0,0,1,-1.347859782,D
987,0.940265783,0,0,0,1,-6.112622082,D
988,4.067311303,0,0,0,1,8.176563364,D
989,0.949024423,0,0,0,1,-5.100264582,D
990,-0.802392955,0,0,0,1,-2.006543767,D
991,0.516162821,0,0,0,1,3.63055193,D
992,-1.698955395,0,0,0,1,1.125759131,D
993,5.542104606,0,0,0,1,1.330063719,D
994,0.114996396,0,0,0,1,4.782825157,D
995,2.807837078,0,0,0,1,3.401334212,D
996,-1.32579532,0,0,0,1,-3.550038755,D
997,1.481268034,0,0,0,1,-2.432602709,D
998,-4.032977734,0,0,0,1,-0.066831145,D
999,-4.794083106,0,0,0,1,-10.49864552,D
1000,-1.513126097,0,0,0,1,4.90777213,D
